Workbook

Sheet Summary
A1: PIET Jaipur — Department of Computer Engineering
A2: 5th Sem (V Sem, B.Tech. CSE & CS(R)) — SODECA Attendance Marks: Now vs 13 Nov 2026
A3: SODECA attendance component (per SODECA scheme, III Year): Theory 10 + Practical 10 = 20 marks total. 75%+ attendance = full 10 marks per component; below 75% = proportional (%/75×10). Full roster and per-student formulas are on the 'Full Report' tab.
A5: Assumptions used for the 13 Nov 2026 projection
A6: Current attendance snapshot date | G6: 05-Oct-2026
A7: Target date — Last Teaching Day, B.Tech V & VII Sem (per PIET Academic Calendar 2026-27) | G7: 13-Nov-2026
A8: Holidays excluded (besides Sundays & Saturdays, treated as no-class): Maha Navami (19 Oct), Vijayadashami (20 Oct), Diwali break (6, 9, 10, 11 Nov)
A9: Remaining teaching days, 6 Oct – 13 Nov (Mon–Fri only, holidays above excluded) | G9: 23
A10: Estimated periods/day (calibrated: this cohort logged 348 periods over 65 Mon–Fri teaching days since classes began 6 Jul 2026) | G10: 5.35
A11: Estimated periods remaining till 13 Nov (= remaining days × periods/day, rounded) | G11: =ROUND(G9*G10,0) -> 123
A14: Headline — All Sections (n=213)
A15: Students (n) | G15: =COUNTA('Full Report'!B6:B218) -> 213
A16: Average attendance today (%) | G16: =AVERAGE('Full Report'!H6:H218) -> 60.502347
A17: Average current SODECA attendance marks (/20) | G17: =AVERAGE('Full Report'!I6:I218) -> 15.819718
A18: Average attendance on last day of teaching, 13 Nov (%) | G18: =AVERAGE('Full Report'!J6:J218) -> 0.70791344
A19: Average attendance improvement possible (pt) | G19: =AVERAGE('Full Report'!K6:K218) -> 10.288997
A20: Average max SODECA marks achievable by 13 Nov (/20) | G20: =AVERAGE('Full Report'!L6:L218) -> 17.938967
A21: Average marks recoverable (max − current) | G21: =AVERAGE('Full Report'!M6:M218) -> 2.1192488
A22: Students already at full marks now (20/20) | G22: =COUNTIF('Full Report'!I6:I218,20) -> 63
A23: Students who CAN reach full marks (20/20) by 13 Nov | G23: =COUNTIF('Full Report'!L6:L218,20) -> 114
A24: Students who CANNOT reach full marks even with 100% attendance from now | G24: =COUNTIFS('Full Report'!I6:I218,"<20",'Full Report'!L6:L218,"<20") -> 99
A25: Students below 10/20 now (severe shortfall) | G25: =COUNTIF('Full Report'!I6:I218,"<10") -> 30
A27: By Section
A28: Section | B28: n | C28: Avg Attendance Today (%) | D28: Avg Current SODECA (/20) | E28: Avg Attendance on 13 Nov (%) | F28: Avg Improvement Possible (pt) | G28: Avg Max SODECA by 13 Nov (/20) | H28: Avg Marks Recoverable
A29: 5CS-A | B29: =COUNTIF('Full Report'!D6:D218,A29) -> 61 | C29: =AVERAGEIF('Full Report'!D6:D218,A29,'Full Report'!H6:H218) -> 61.245902 | D29: =AVERAGEIF('Full Report'!D6:D218,A29,'Full Report'!I6:I218) -> 15.895082 | E29: =AVERAGEIF('Full Report'!D6:D218,A29,'Full Report'!J6:J218) -> 0.71396749 | F29: =AVERAGEIF('Full Report'!D6:D218,A29,'Full Report'!K6:K218) -> 10.150848 | G29: =AVERAGEIF('Full Report'!D6:D218,A29,'Full Report'!L6:L218) -> 17.872131 | H29: =AVERAGEIF('Full Report'!D6:D218,A29,'Full Report'!M6:M218) -> 1.9770492
A30: 5CS-B | B30: =COUNTIF('Full Report'!D6:D218,A30) -> 62 | C30: =AVERAGEIF('Full Report'!D6:D218,A30,'Full Report'!H6:H218) -> 63.032258 | D30: =AVERAGEIF('Full Report'!D6:D218,A30,'Full Report'!I6:I218) -> 16.648387 | E30: =AVERAGEIF('Full Report'!D6:D218,A30,'Full Report'!J6:J218) -> 0.72590918 | F30: =AVERAGEIF('Full Report'!D6:D218,A30,'Full Report'!K6:K218) -> 9.5586604 | G30: =AVERAGEIF('Full Report'!D6:D218,A30,'Full Report'!L6:L218) -> 18.680645 | H30: =AVERAGEIF('Full Report'!D6:D218,A30,'Full Report'!M6:M218) -> 2.0322581
A31: 5CS-C | B31: =COUNTIF('Full Report'!D6:D218,A31) -> 62 | C31: =AVERAGEIF('Full Report'!D6:D218,A31,'Full Report'!H6:H218) -> 57.629032 | D31: =AVERAGEIF('Full Report'!D6:D218,A31,'Full Report'!I6:I218) -> 14.941935 | E31: =AVERAGEIF('Full Report'!D6:D218,A31,'Full Report'!J6:J218) -> 0.68700774 | F31: =AVERAGEIF('Full Report'!D6:D218,A31,'Full Report'!K6:K218) -> 11.071742 | G31: =AVERAGEIF('Full Report'!D6:D218,A31,'Full Report'!L6:L218) -> 17.177419 | H31: =AVERAGEIF('Full Report'!D6:D218,A31,'Full Report'!M6:M218) -> 2.2354839
A32: 5CSR-D | B32: =COUNTIF('Full Report'!D6:D218,A32) -> 28 | C32: =AVERAGEIF('Full Report'!D6:D218,A32,'Full Report'!H6:H218) -> 59.642857 | D32: =AVERAGEIF('Full Report'!D6:D218,A32,'Full Report'!I6:I218) -> 15.764286 | E32: =AVERAGEIF('Full Report'!D6:D218,A32,'Full Report'!J6:J218) -> 0.70116773 | F32: =AVERAGEIF('Full Report'!D6:D218,A32,'Full Report'!K6:K218) -> 10.473916 | G32: =AVERAGEIF('Full Report'!D6:D218,A32,'Full Report'!L6:L218) -> 18.128571 | H32: =AVERAGEIF('Full Report'!D6:D218,A32,'Full Report'!M6:M218) -> 2.3642857

Sheet Full Report
A1: PIET Jaipur — Department of Computer Engineering
A2: 5th Sem — SODECA Attendance Marks: Now (5 Oct) vs 13 Nov 2026 (Last Teaching Day)
A3: Remaining periods estimate and target date are set on the Summary tab (referenced by formulas below). SODECA attendance marks: Theory 10 + Practical 10 = 20; 75%+ = full 10 each, below 75% = proportional. 'Attendance on Last Day of Teaching' and 'Attendance Improvement Possible' assume the student attends every remaining class from now to 13 Nov.
A5: S.No | B5: Reg. No | C5: Name | D5: Section | E5: Present (5 Oct) | F5: Absent (5 Oct) | G5: Total Periods (5 Oct) | H5: Attendance Today (%) | I5: Current SODECA Attendance Marks (/20) | J5: Attendance on Last Day of Teaching (13 Nov, %) | K5: Attendance Improvement Possible (pt) | L5: Max SODECA Marks by 13 Nov (/20) | M5: Marks Recoverable (Max − Current)
A6: 1 | B6: PIET24CS056 | C6: GOURAV BOHRA | D6: 5CS-A | E6: 2 | F6: 346 | G6: 348 | H6: 1 | I6: =IF(H6>=75,20,ROUND(H6/75*10,1)*2) -> 0.2 | J6: =(E6+Summary!$G$11)/(G6+Summary!$G$11) -> 0.26539278 | K6: =J6*100-H6 -> 25.539278 | L6: =IF(J6>=0.75,20,ROUND(J6*100/75*10,1)*2) -> 7 | M6: =L6-I6 -> 6.8
A7: 2 | B7: PIET25CS800 | C7: TANISH | D7: 5CS-A | E7: 4 | F7: 344 | G7: 348 | H7: 1 | I7: =IF(H7>=75,20,ROUND(H7/75*10,1)*2) -> 0.2 | J7: =(E7+Summary!$G$11)/(G7+Summary!$G$11) -> 0.26963907 | K7: =J7*100-H7 -> 25.963907 | L7: =IF(J7>=0.75,20,ROUND(J7*100/75*10,1)*2) -> 7.2 | M7: =L7-I7 -> 7
A8: 3 | B8: PIET24CS027 | C8: ANUSHKA JADDON | D8: 5CS-A | E8: 17 | F8: 331 | G8: 348 | H8: 5 | I8: =IF(H8>=75,20,ROUND(H8/75*10,1)*2) -> 1.4 | J8: =(E8+Summary!$G$11)/(G8+Summary!$G$11) -> 0.29723992 | K8: =J8*100-H8 -> 24.723992 | L8: =IF(J8>=0.75,20,ROUND(J8*100/75*10,1)*2) -> 8 | M8: =L8-I8 -> 6.6
A9: 4 | B9: PIET24CS020 | C9: ANKIT SINGH SHEKHAWAT | D9: 5CS-A | E9: 64 | F9: 284 | G9: 348 | H9: 18 | I9: =IF(H9>=75,20,ROUND(H9/75*10,1)*2) -> 4.8 | J9: =(E9+Summary!$G$11)/(G9+Summary!$G$11) -> 0.3970276 | K9: =J9*100-H9 -> 21.70276 | L9: =IF(J9>=0.75,20,ROUND(J9*100/75*10,1)*2) -> 10.6 | M9: =L9-I9 -> 5.8
A10: 5 | B10: PIET24CS051 | C10: FEZAN KHAN | D10: 5CS-A | E10: 63 | F10: 285 | G10: 348 | H10: 18 | I10: =IF(H10>=75,20,ROUND(H10/75*10,1)*2) -> 4.8 | J10: =(E10+Summary!$G$11)/(G10+Summary!$G$11) -> 0.39490446 | K10: =J10*100-H10 -> 21.490446 | L10: =IF(J10>=0.75,20,ROUND(J10*100/75*10,1)*2) -> 10.6 | M10: =L10-I10 -> 5.8
A11: 6 | B11: PIET24CS015 | C11: ALOK SHARMA | D11: 5CS-A | E11: 68 | F11: 280 | G11: 348 | H11: 20 | I11: =IF(H11>=75,20,ROUND(H11/75*10,1)*2) -> 5.4 | J11: =(E11+Summary!$G$11)/(G11+Summary!$G$11) -> 0.40552017 | K11: =J11*100-H11 -> 20.552017 | L11: =IF(J11>=0.75,20,ROUND(J11*100/75*10,1)*2) -> 10.8 | M11: =L11-I11 -> 5.4
A12: 7 | B12: PIET24CS042 | C12: DEEPANSHU SHEKHAWAT | D12: 5CS-A | E12: 80 | F12: 268 | G12: 348 | H12: 23 | I12: =IF(H12>=75,20,ROUND(H12/75*10,1)*2) -> 6.2 | J12: =(E12+Summary!$G$11)/(G12+Summary!$G$11) -> 0.43099788 | K12: =J12*100-H12 -> 20.099788 | L12: =IF(J12>=0.75,20,ROUND(J12*100/75*10,1)*2) -> 11.4 | M12: =L12-I12 -> 5.2
A13: 8 | B13: PIET24CS045 | C13: DEVESH VIJAY | D13: 5CS-A | E13: 95 | F13: 253 | G13: 348 | H13: 27 | I13: =IF(H13>=75,20,ROUND(H13/75*10,1)*2) -> 7.2 | J13: =(E13+Summary!$G$11)/(G13+Summary!$G$11) -> 0.46284501 | K13: =J13*100-H13 -> 19.284501 | L13: =IF(J13>=0.75,20,ROUND(J13*100/75*10,1)*2) -> 12.4 | M13: =L13-I13 -> 5.2
A14: 9 | B14: PIET24CS062 | C14: HARSHVEER SHEKHAWAT | D14: 5CS-A | E14: 94 | F14: 254 | G14: 348 | H14: 27 | I14: =IF(H14>=75,20,ROUND(H14/75*10,1)*2) -> 7.2 | J14: =(E14+Summary!$G$11)/(G14+Summary!$G$11) -> 0.46072187 | K14: =J14*100-H14 -> 19.072187 | L14: =IF(J14>=0.75,20,ROUND(J14*100/75*10,1)*2) -> 12.2 | M14: =L14-I14 -> 5
A15: 10 | B15: PIET25CS801 | C15: PRIYANSHU PRAJAPATI | D15: 5CS-A | E15: 111 | F15: 237 | G15: 348 | H15: 32 | I15: =IF(H15>=75,20,ROUND(H15/75*10,1)*2) -> 8.6 | J15: =(E15+Summary!$G$11)/(G15+Summary!$G$11) -> 0.49681529 | K15: =J15*100-H15 -> 17.681529 | L15: =IF(J15>=0.75,20,ROUND(J15*100/75*10,1)*2) -> 13.2 | M15: =L15-I15 -> 4.6
A16: 11 | B16: PIET24CS048 | C16: DIVYANSH SAINI | D16: 5CS-A | E16: 116 | F16: 232 | G16: 348 | H16: 33 | I16: =IF(H16>=75,20,ROUND(H16/75*10,1)*2) -> 8.8 | J16: =(E16+Summary!$G$11)/(G16+Summary!$G$11) -> 0.507431 | K16: =J16*100-H16 -> 17.7431 | L16: =IF(J16>=0.75,20,ROUND(J16*100/75*10,1)*2) -> 13.6 | M16: =L16-I16 -> 4.8
A17: 12 | B17: PIET24CS026 | C17: ANURADHA VAISHNAV | D17: 5CS-A | E17: 133 | F17: 215 | G17: 348 | H17: 38 | I17: =IF(H17>=75,20,ROUND(H17/75*10,1)*2) -> 10.2 | J17: =(E17+Summary!$G$11)/(G17+Summary!$G$11) -> 0.54352442 | K17: =J17*100-H17 -> 16.352442 | L17: =IF(J17>=0.75,20,ROUND(J17*100/75*10,1)*2) -> 14.4 | M17: =L17-I17 -> 4.2
... A218: 213 | B218: PIET24CR029 | C218: TANISHKA SHARMA | D218: 5CSR-D | E218: 281 | F218: 67 | G218: 348 | H218: 81 | I218: =IF(H218>=75,20,ROUND(H218/75*10,1)*2) -> 20 | J218: =(E218+Summary!$G$11)/(G218+Summary!$G$11) -> 0.85774947 | K218: =J218*100-H218 -> 4.7749469 | L218: =IF(J218>=0.75,20,ROUND(J218*100/75*10,1)*2) -> 20 | M218: =L218-I218 -> 0
